{"name":"English (India)","identifier":"en_IN","version":null,"description":null,"voiceSettings":{"voiceId":"Kajal","engine":"neural"},"nluConfidenceThreshold":0.4,"generativeAISettings":{"buildtimeSettings":{"descriptiveBotBuilderSpecification":{"enabled":true,"bedrockModelSpecification":{"modelArn":"arn:aws:bedrock:ap-southeast-1::foundation-model/anthropic.claude-v2","customPrompt":null,"bedrockGuardrailConfiguration":null,"bedrockTraceStatus":null}},"sampleUtteranceGenerationSpecification":null},"runtimeSettings":null}}